year,patch,ac,vct_ac,lt_ac,ccdc_ac
2000,1,0.014809323,0.015360633,0.005380024,0.01864796
2000,3901,0.00020037,0.005883585,0.016321029,0.00016795
2000,11017,0.000152983,0.003671584,0.00525878,0.0001666
2000,13416,0.000913784,0.013661077,0.00322109,0.000869
2000,13704,0.000244782,0.005156742,0.005417843,0.000135
2000,14038,0.002634034,0.011560482,0.009347162,0.004225429
2000,16655,0.000199111,0.001144886,0.000481184,0.000255
2000,20399,0.000591949,0.020126283,0.017166535,0.000446
2000,25184,0.000196248,0.01115345,0.004644545,3.27E-05
2000,25493,0.001183006,0.009489764,0.005259233,0.000334328
2000,26542,0.031659223,0.03848562,0.021194223,0.035
2000,26954,0.001676,0.001660796,0.001618482,0.001057832
2000,27510,0.0052898,0.005353003,0.005943098,0.0045562
2000,27736,0.000946522,0.006852816,0.004353999,0.005849503
2000,31491,5.20E-05,0.012734991,0.001464091,0.000543273
2000,31550,0.000129683,0.001599419,0.000293947,0.000129285
2000,31551,0.00113161,0.001758341,0.001514611,0.001078507
2000,31554,0.00298434,0.003037006,0.001694052,0.006014325
2000,31596,8.73E-05,0.007238973,0.0067849,0.009907526
2000,31861,3.52E-05,0.005840084,0.000246269,0.000694829
2000,31917,5.93E-05,0.002886748,0.003199973,0.001142847
2001,1,0.021827285,0.033664084,0.000124598,0.019946989
2001,2,0.072145599,0.089333165,0.001033363,0.057256738
2001,3,0.004953425,0.006587412,0,0.01052442
2001,4,0.001192242,0.002583192,2.65E-05,0.008173485
2001,5,0.001892277,0.002385915,0.000438789,0.001645459
2001,6,0.000212183,0.000694418,0,0.003684271
2001,7,0.003976516,0.004767655,0.001186709,0.005537975
2001,8,0.001066009,0.001066009,0.000666256,0.001732265
2001,9,0.005369914,0.00680508,1.20E-05,0.012928457
2001,10,0.001522496,0.002268208,0,0.002563386
2001,11,0.002372479,0.002759823,0.000387344,0.002324061
2001,12,0.003476082,0.003704914,0.000130762,0.004696524
2001,13,0.003755313,0.004391507,0.000494818,0.01012609
2001,14,0.003676984,0.004340763,0.000358091,0.009327837
2001,15,0.002685846,0.003361814,0.000162232,0.009869133
2001,16,0.012264857,0.016845467,0,0.021426077
2001,17,0.011695557,0.016459309,0,0.02016887
2001,18,0.007771832,0.011986355,0,0.016482542
2001,19,0.001437266,0.001605834,0.0002218,0.002129283
2001,20,0.000637591,0.001008726,0,0.00051388
2001,21,0.001676023,0.002020411,0,0.00146939
2001,22,0.000956352,0.00103286,0.000229525,0.005699858
2001,23,0.000861942,0.001650002,0.000123135,0.005220903
2001,24,0.005709582,0.008988999,0,0.004860331
2001,25,0.008735354,0.013905258,0.00142618,0.012488982
2001,26,0.013480365,0.018832371,0.001561002,0.01795152
2001,27,0.009828786,0.013159369,0.001802793,0.014463083
2001,28,0.011461249,0.015810708,0.001780976,0.00600928
2001,29,0.011306341,0.019371385,0.002182691,0.005162065
2001,30,0.004233395,0.005723153,0.000980757,0.002842955
2001,31,0.003548581,0.007259596,0.000737205,0.00307377
2001,32,0.001875279,0.004857279,0.00067633,0.013096208
2001,33,0.002331915,0.00728056,0.000747637,0.023301351
2001,34,0.015488612,0.016040433,0.002721481,0.020492626
2001,35,0.009001009,0.009757488,0.000274087,0.014789721
2001,36,0.008254913,0.008900316,0.000124917,0.013501416
2001,37,0.015475905,0.015979381,0.000335651,0.015931431
2001,38,0.004713283,0.00785851,0.000738445,0.002889963
2001,39,0.007106905,0.009038707,0.000265844,0.002906565
2001,40,0.007259806,0.010372436,0.000269881,0.002662828
2001,41,0.001794173,0.003277355,0,0.00208124
2001,42,0.004574398,0.007151954,0,0.00320921
2002,1,0.017241721,0.041495009,0.015033275,0.037731738
2003,1,0.019495536,0.032092501,0.01041128,0.038903254
2003,2,0.006423596,0.010258039,0.000383042,0.012761823
2003,3,0.020905073,0.024655719,0.00011831,0.04847144
2003,4,0.005124276,0.005644993,0.00361399,0.019951614
2003,5,0.00289971,0.000310511,0.024530352,0.021114734
2003,6,0.009404613,0.001435407,0.001435407,0.004545455
2003,7,0.003020052,0.01478279,0.003613026,0.022694705
2003,8,0.008069563,0.005925218,0.001985468,0.007151841
2003,9,0.001260019,0.011632211,0.00343679,0.004203458
2003,10,0.003643566,0.003536977,0.002250804,0.022958199
2003,11,0.01430363,0.023769543,0.000868558,0.01208261
2003,12,0.00400227,0.010477439,0.013773442,0.03261118
2003,13,0.000310511,0.009140246,0.000238027,0.019280206
2003,14,0.001435407,0.011662157,0.000205501,0.020104805
2003,15,0.011169763,0.005978036,0.000429362,0.019189167
2003,16,0.003752638,0.024820227,0.003081817,0.019551314
2003,17,0.006318405,0.020434403,0.00078064,0.008908481
2003,18,0.000803859,0.02287833,0.003625378,0.022411425
2003,19,0.012072959,0.022917717,0.008379536,0.028918851
2003,20,0.005093783,0.013131044,0.000735136,0.013714083
2003,21,0.00722677,0.00469458,0.000335976,0.004304122
2003,22,0.003236727,0.0017579,0.000202835,0.000726824
2003,23,0.012194718,0.026029663,0.018410564,0.027114232
2003,24,0.077316481,0.076910735,0.044092765,0.07985706
2003,25,0.010134578,0.026862865,0.019340246,0.020180238
2003,26,0.011277722,0.011501646,0.003471303,0.020307593
2003,27,0.004461513,0.014989181,0.004571788,0.016707964
2003,28,0.003459642,0.011160414,0.002103383,0.011064369
2003,29,0.000169029,0.012996912,0.003637592,0.009069857
2003,30,0.009626604,0.008532406,0.00152546,0.005827257
2003,31,0.021945207,0.036418413,0.008229007,0.033799608
2003,32,0.075013053,0.074507683,0.013870773,0.059894591
2003,33,0.070207999,0.077301902,0.015769934,0.057992662
2003,34,0.004062698,0.02406015,0.017029836,0.02381112
2003,35,0.054467387,0.05873986,0.047494166,0.057373041
2003,36,0.00303058,0.016756039,0.007718962,0.010325235
2003,37,0.017511923,0.018852086,0.011891854,0.019271799
2003,38,0.053117955,0.059651445,0.015012133,0.038716082
2003,39,0.023086664,0.032361788,0.01099471,0.022567309
2003,40,0.05348372,0.016812839,0.003044749,0.039120783
2003,41,0.010355192,0.013339613,0.004792841,0.036098683
2003,42,0.016357129,0.030458109,0.010575303,0.02086288
2003,43,0.030520627,0.011224809,0.007100345,0.025512513
2003,44,0.015869723,0.018669957,0.002761133,0.022617789
2003,45,0.010929558,0.01494295,0.00629937,0.02651957
2003,46,0.008491363,0.006043383,0.002017385,0.014788306
2003,47,0.021506208,0.007392567,0.003214159,0.008153251
2003,48,0.008771014,0.011407913,0.002567738,0.012391574
2003,49,0.008083656,0.005443449,0.001364696,0.014474975
2003,50,0.004368076,0.004327357,0.001874718,0.01217862
2003,51,0.005067658,0.00884472,0.000234297,0.02141867
2003,52,0.008814625,0.026464812,0.018063739,0.036485886
2003,53,0.002146712,0.007854096,0.000392215,0.004432024
2003,54,0.002903699,0.009254697,0.003089338,0.012823415
2003,55,0.005291212,0.005635085,0.004200063,0.012250184
2004,1,0.004788701,0.014599016,0.001201833,0.011757472
2004,2,0.004773755,0.019705676,0.013653476,0.006826738
2004,3,0.039359776,0.0225874,0.013074119,0.020801667
2004,4,0.039432783,0.049373299,0.031355653,0.024861878
2004,5,0.061224423,0.061426772,0.027001567,0.064130001
2004,6,0.009558339,0.027419477,0.015536983,0.029106164
2004,7,0.032800533,0.012073366,0.01406456,0.016322181
2004,8,0.016586917,0.012604866,0.006700261,0.005946482
2004,9,0.061556875,0.067924009,0.028576667,0.022251759
2004,10,0.051870238,0.05932683,0.027393015,0.023081276
2004,11,0.020121387,0.015326152,0.01055909,0.01267671
2004,12,0.035190072,0.007669115,0.001818573,0.014022158
2004,13,0.040661062,0.049466021,0.028030745,0.020331803
2004,14,0.023710928,0.018936461,0.009864661,0.010639082
2004,15,0.010012059,0.032298252,0.019363047,0.022172743
2004,16,0.003908486,0.020516589,0.009842662,0.018492639
2004,17,0.023832986,0.03291644,0.025158601,0.041338892
2004,18,0.033038698,0.004980712,0.002197373,0.006045217
2004,19,0.108491752,0.088323551,0.077489961,0.042937205
2004,20,0.091810456,0.092389225,0.075418994,0.051809903
2004,21,0.04628093,0.041093757,0.010761976,0.026735015
2004,22,0.018223265,0.010473461,0.005632617,0.011525818
2004,23,0.096938535,0.091075434,0.044445756,0.062133554
2004,24,0.028614585,0.003631844,0.003885229,0.00767393
2004,25,0.002295034,0.006998713,0.008756238,0.000533534
2004,26,0.050063987,0.007143301,0.012285649,0.009735211
2004,27,0.050432387,0.006529435,0.011447712,0.008808378
2004,28,0.084201136,0.086467966,0.041520798,0.090596635
2004,29,0.0536883,0.052584593,0.047239037,0.074141009
2004,30,0.001411714,0.022702568,0.011745693,0.021625158
2004,31,0.053577818,0.051366856,0.04675701,0.074225839
2004,32,0.054354407,0.052799374,0.046848258,0.064735164
2004,33,0.001653558,0.024492172,0.03001682,0.034299392
2004,34,0.081296487,0.044640282,0.03018747,0.041595898
2004,35,0.050222096,0.008119873,0.004227356,0.009668508
2004,36,0.01649784,0.036024349,0.01399062,0.044446662
2004,37,0.045615524,0.030888341,0.010903343,0.037817903
2004,38,0.036870071,0.004396985,0.001910963,0.005148984
2004,39,0.022292664,0.018470471,0.015946033,0.015609441
2004,40,0.006445672,0.023533059,0.002635455,0.010247268
2004,41,0.016305758,0.032855886,0.013239729,0.02194057
2004,42,0.014484212,0.0245079,0.013471131,0.010051077
2004,43,0.031627858,0.036400915,0.016474685,0.016268623
2004,44,0.010111777,0.010808872,0.002442902,0.002122998
2004,45,0.009286102,0.035641442,0.023611805,0.03100025
2004,46,0.081975123,0.08721751,0.072842886,0.080588734
2004,47,0.012082201,0.014640656,0.04038239,0.017358548
2005,1,0.003760398,0.005137312,0.004054773,0.005678581
2005,2,0.042824607,0.046039147,0.028310105,0.020188563
2005,3,0.00761583,0.0017154,0.000363873,0.000363873
2005,4,0.020298129,0.007099736,0.000885622,0.004870921
2005,5,0.009974211,0.006164521,0.001318921,0.014221407
2005,6,0.013754986,0.022430725,0.003477826,0.013498468
2005,7,0.001804796,0.002965574,0.011288019,0.005211024
2005,8,0.015282026,0.017612346,0.006197993,0.008195505
2005,9,0.014222094,0.0190039,0.009658259,0.011994669
2005,10,0.034945686,0.035023188,0.035855504,0.043422016
2005,11,0.000103964,0.014081315,0.006767684,0.01355597
2005,12,0.00442811,0.02525028,0.032107859,0.014032637
2005,13,0.003182613,0.027132205,0.009417662,0.026058125
2005,14,0.022697,0.025563323,0.011801534,0.033344335
2005,15,0.014249077,0.014783988,0.007726671,0.011117093
2005,16,0.01757771,0.004456336,0.000456821,0.002992644
2005,17,0.011391524,0.012544144,0.005729473,0.010870365
2005,18,0.016601675,0.008583958,0.006790825,0.013741434
2005,19,0.052721504,0.006880211,0.004027885,0.007199162
2005,20,0.020107097,0.021380309,0.012673745,0.013600386
2005,21,0.023614203,0.007403586,0.005837791,0.007494094
2005,22,0.020482663,0.004074622,0.003599554,0.005910943
2005,23,0.006460719,0.013411789,0.008793222,0.009341028
2005,24,0.001752701,0.02535851,0.019583414,0.019855947
2005,25,0.00762397,0.013334465,0.007847962,0.009035761
2005,26,0.01498536,0.014634235,0.004618478,0.016246174
2005,27,0.007438838,0.010490387,0.007481193,0.015505712
2005,28,0.005604411,0.031789812,0.006184512,0.025164565
2005,29,0.004775653,0.004763287,0.003412355,0.005253625
2005,30,0.004398708,0.005998846,0.000615024,0.003264356
2005,31,0.073060535,0.072975233,0.043407433,0.070452383
2005,32,0.012335068,0.009523077,0.004447521,0.00767742
2005,33,0.023152294,0.020731827,0.022252379,0.017821523
2005,34,0.009346852,0.012422526,0.013691494,0.010579184
2005,35,0.003060873,0.007568238,0.00516129,0.014317618
2005,36,0.006659237,0.008444097,0.001939015,0.009225958
2005,37,0.018482449,0.008403219,0.003043419,0.007371838
2005,38,0.003702555,0.022393908,0.007876547,0.012256872
2005,39,0.002024847,0.022778117,0.007355434,0.008892053
2005,40,0.005677958,0.014936483,0.006341802,0.007195316
2005,41,0.018475524,0.011770572,0.004702363,0.005924391
2005,42,0.011514212,0.02473784,0.009084619,0.022868799
2005,43,0.006352357,0.012020875,0.001976933,0.010559256
2005,44,0.04286943,0.042507001,0.020414306,0.031843764
2005,45,0.04311511,0.043887306,0.03654321,0.034441279
2005,46,0.012779296,0.008008415,0.003542756,0.005130546
2005,47,0.013106456,0.005959636,0.002927035,0.002658324
2005,48,0.00907106,0.011707344,0.008387968,0.004834444
2005,49,0.007205076,0.019038125,0.007811351,0.011717026
2005,50,0.039788449,0.049343012,0.03107599,0.014940733
2005,51,0.040481989,0.019768555,0.013990554,0.007060198
2005,52,0.043203545,0.027001907,0.017647201,0.010103083
2005,53,0.005616807,0.033112003,0.020257343,0.02408373
2005,54,0.063282118,0.061481472,0.039307826,0.049949605
2005,55,0.05938901,0.055847403,0.035167003,0.043723619
2005,56,0.013432909,0.018602239,0.034093303,0.018618443
2005,57,0.046531287,0.05800371,0.04622249,0.034608379
2005,58,0.016149189,0.00370392,0.000466636,0.004345544
2005,59,0.023247954,0.003670772,0.003324088,0.003364875
2005,60,0.05390264,0.025998561,0.023243523,0.01302177
2005,61,0.148093687,0.154122277,0.151415683,0.075151166
2006,1,0.002839972,0.008519916,0.004589761,0.016526806
2006,2,0.03789808,0.03776767,0.002370719,0.031975792
2006,3,0.00458029,0.024315408,0.001894832,0.023238143
2006,4,0.003809881,0.014781696,0.002390192,0.018043605
2006,5,0.00809288,0.019150558,0.006651424,0.029016836
2006,6,0.012522818,0.012760517,0.012109224,0.00849093
2006,7,0.007280737,0.003082598,0.002223514,0.007327488
2006,8,0.002555174,0.002174867,0.00075607,0.000261357
2006,9,0.010250113,0.011286143,0.004325813,0.013877294
2006,10,0.013829193,0.019503391,0.005633341,0.005064537
2006,11,0.003433782,0.021574873,0.000834957,0.018162889
2006,12,0.001837167,0.016779132,0.003162453,0.011340518
2006,13,0.012984134,0.007592136,0.00262708,0.035559857
2006,14,0.00984176,0.002260376,0.001894868,0.003424229
2006,15,0.000606413,0.007808003,0.006341967,0.025085519
2006,16,0.000438707,0.005993397,0.003932821,0.027341413
2006,17,0.005214827,0.010229406,0.00925826,0.024516045
2006,18,0.04263181,0.045937042,0.043706534,0.010923774
2006,19,0.009297915,0.015640557,0.00380864,0.00144999
2006,20,0.002061441,0.010650544,0.008708796,0.003383524
2006,21,0.001664022,0.001529215,0.003337677,0.005784421
2006,22,0.006016181,0.013519471,0.009911013,0.026777696
2006,23,0.00360047,0.007880263,0.008538455,0.014182671
2006,24,0.008136047,0.009247173,0.003860649,0.014385513
2006,25,0.04312317,0.009061684,0.010799114,0.049355486
2006,26,0.01469323,0.009060938,0.001393172,0.012878868
2006,27,0.009522702,0.003691481,0.000160112,0.00526592
2006,28,0.000119678,0.014594427,0.013350694,0.022231723
2006,29,0.010711078,0.025239392,0.013935204,0.036818919
2006,30,0.007767258,0.012590124,0.009628274,0.012046665
2006,31,0.005461979,0.009487766,0.006548143,0.011036789
2006,32,0.004743167,0.014446315,0.006408583,0.0186857
2006,33,0.001743447,0.022387194,0.011696246,0.021729884
2006,34,0.011446228,0.004470141,0.003158543,0.004791349
2006,35,0.021858843,0.018009374,0.009947615,0.019807003
2006,36,0.010343828,0.023914872,0.010860423,0.030021575
2006,37,0.006908995,0.017119856,0.004840435,0.026732791
2006,38,0.048802801,0.044160167,0.012013614,0.037993321
2006,39,0.015611105,0.014436235,0.013269296,0.043286845
2006,40,0.011271023,0.01092437,0.012876915,0.01319822
2006,41,0.020879804,0.011403194,0.008702775,0.013169346
2006,42,0.007472953,0.015238289,0.006930449,0.013324441
2006,43,0.032253246,0.014005527,0.008299239,0.020958943
2006,44,0.030992478,0.031382712,0.012220152,0.030361213
2006,45,0.008032625,0.023741062,0.005186576,0.022232832
2006,46,0.008280434,0.019122209,0.001556873,0.025076358
2006,47,0.012599498,0.019598015,0.019071726,0.013320134
2007,1,0.018594145,0.020705098,0.008315578,0.033410275
2007,2,0.027910641,0.027443122,0.014593894,0.021867264
2007,3,0.012942965,0.015012537,0.024596493,0.044799441
2007,4,0.026433575,0.016086767,0.008346678,0.030608531
2007,5,0.004862451,0.0100808,0.006510196,0.013851481
2007,6,0.005337918,0.009881295,0.003286558,0.021751822
2007,7,0.008189359,0.018223503,0.006170575,0.014371807
2007,8,0.004655366,0.010850967,0.002409742,0.012376661
2007,9,0.006443995,0.010881606,0.001840751,0.007933147
2007,10,0.015536956,0.034612242,0.019057944,0.015224359
2007,11,0.022721424,0.046695928,0.018016244,0.019938852
2007,12,0.011100597,0.019854358,0.020889113,0.024006312
2007,13,0.007787611,0.023183513,0.007061968,0.027277203
2007,14,0.006486627,0.02379864,0.007534762,0.028192689
2007,15,0.010769029,0.021405049,0.00208376,0.030270331
2007,16,0.003593224,0.003205882,0.004498282,0.004593043
2007,17,0.003046198,0.017899761,0.006757945,0.04054767
2007,18,0.03092006,0.021618869,0.010010362,0.040866862
2007,19,0.0062113,0.006121501,0.004221725,0.004475028
2007,20,0.015366109,0.007159325,0.004586822,0.011285038
2007,21,0.043468889,0.041012046,0.011802659,0.018537289
2007,22,0.013575297,0.018879823,0.008099799,0.0169879
2007,23,0.016470311,0.023829061,0.010339055,0.015656284
2007,24,0.012790936,0.019260242,0.010144795,0.012466546
2007,25,0.020322187,0.007680658,0.003221309,0.013930958
2007,26,0.009596784,0.006901702,0.01861056,0.015048114
2007,27,0.0156829,0.007351506,0.002309544,0.009856223
2007,28,0.005023853,0.001401573,0.001133756,0.002124678
2007,29,0.006018687,0.004998507,0.003284002,0.005271463
2007,30,0.010839147,0.00851138,0.003210433,0.005164068
2007,31,0.021022746,0.00711006,0.004795157,0.007389883
2007,32,0.016595375,0.035833774,0.017490829,0.033770754
2007,33,0.005168518,0.013610204,0.009632691,0.020809724
2007,34,0.003905814,0.017801133,0.008309252,0.029360044
2007,35,0.0042938,0.01581873,0.011189866,0.031740784
2007,36,0.000401725,0.003752829,0.000802131,0.004526313
2007,37,0.001637736,0.00490332,0.002890096,0.00597704
2007,38,0.005711584,0.000899074,0.00162186,0.004821507
2007,39,0.005558311,0.003141623,0,0.003029729
2007,40,0.012021421,0.018227842,0.010012318,0.019583912
2007,41,0.078576629,0.079391075,0.021764224,0.016288637
2007,42,0.011334518,0.027013642,0.021670944,0.019794996
2007,43,0.002119919,0.006031203,0.006836099,0.006825073
2007,44,0.004858582,0.021757721,0.018090293,0.024702242
2007,45,0.000634641,0.012004307,0.009458548,0.014479629
2007,46,0.153207898,0.142169182,0.170656371,0.051302211
2007,47,0.014283938,0.023584654,0.012610497,0.02143251
2007,48,0.051283063,0.025337394,0.003583994,0.019022738
2007,49,0.024267255,0.039521997,0.024921698,0.029721004
2007,50,0.014378785,0.005950023,0.005103878,0.006535124
2007,51,0.008381884,0.009355172,0.006555309,0.006316413
2007,52,0.013830818,0.005495158,0.003669524,0.009584577
2007,53,0.013837753,0.010250097,0.003228278,0.00757452
2008,1,0.030374866,0.031521088,0.077031287,0.045223643
2008,2,0.072674065,0.075572901,0.141235607,0.106601007
2008,3,0.015847268,0.01244461,0.056019404,0.03849993
2008,4,0.059686758,0.015784598,0.021181239,0.021470759
2008,5,0.06025189,0.018414528,0.038616195,0.043022716
2008,6,0.010767851,0.021612052,0.015915445,0.040770181
2008,7,0.011065227,0.010362742,0.027963689,0.006027215
2008,8,0.053724291,0.049047747,0.084982077,0.054188512
2008,9,0.014566445,0.018285079,0.063053275,0.016607815
2008,10,0.020883438,0.022319922,0.028847174,0.033812513
2008,11,0.011437101,0.031011073,0.055719006,0.008331191
2008,12,0.053480023,0.054349382,0.039063898,0.083416861
2008,13,0.016425899,0.034226834,0.059644761,0.038512394
2008,14,0.046301061,0.051795041,0.041556486,0.079527596
2008,15,0.048698787,0.041903504,0.032185853,0.054096991
2008,16,0.047057773,0.045169933,0.043211317,0.065273648
2008,17,0.015729366,0.030996909,0.051234399,0.011485191
2008,18,0.012321754,0.012665267,0.015608671,0.042147247
2008,19,0.027992802,0.020759334,0.012721341,0.031638909
2008,20,0.027759764,0.005830619,0.014545487,0.017110249
2008,21,0.034159883,0.04933019,0.050422584,0.054313038
2008,22,0.03226838,0.037413048,0.029152566,0.070642978
2008,23,0.033448685,0.026108352,0.039039504,0.054057502
2008,24,0.05421574,0.060463489,0.067791867,0.066934849
2008,25,0.009434234,0.026350962,0.083128047,0.041039887
2008,26,0.01031389,0.020381577,0.044070772,0.015327205
2008,27,0.003097239,0.005906904,0.029649477,0.023689516
2008,28,0.042277545,0.050914293,0.064799142,0.064322327
2008,29,0.031925644,0.021259011,0.040357271,0.046101486
2008,30,0.049584609,0.068963663,0.129907254,0.017202384
2008,31,0.01778133,0.002595924,0.016752876,0.014851772
2008,32,0.018441354,0.031464349,0.03122025,0.024263432
2008,33,0.004049943,0.031338292,0.028301524,0.005995695
2008,34,0.061878651,0.067982914,0.042107262,0.070312292
2008,35,0.016718445,0.010168037,0.030735202,0.020930309
2008,36,0.039302836,0.015357708,0.009715367,0.030895108
2008,37,0.000675519,0.000298985,0.02555896,0.000414593
2008,38,0.094373276,0.088066973,0.033284401,0.062047911
2008,39,0.023631052,0.023543914,0.007253685,0.016789429
2008,40,0.007923145,0.011204331,0.031381091,0.024515077
2008,41,0.008900762,0.021859415,0.032807324,0.033953988
2008,42,0.017244325,0.037024942,0.03627048,0.038657733
2008,43,0.051336057,0.023549181,0.008355408,0.023607529
2008,44,0.009311613,0.024811113,0.011018416,0.021112073
2008,45,0.069151698,0.068924081,0.07596386,0.089374582
2008,46,0.01168505,0.018501551,0.026430787,0.042712151
2008,47,0.028410562,0.047298198,0.061343448,0.045201711
2008,48,0.071447843,0.075214461,0.074689251,0.060793067
2008,49,0.051619078,0.054778522,0.084540593,0.067884585
2008,50,0.011664787,0.034355255,0.025954155,0.028660074
2008,51,0.036755172,0.028770143,0.028637124,0.01750152
2008,52,0.063222164,0.063479015,0.083568703,0.051954809
2008,53,0.037520044,0.011066484,0.073235344,0.02044095
2008,54,0.015017142,0.011622509,0.067577326,0.013539535
2008,55,0.019401794,0.00520448,0.050667143,0.032757609
2008,56,0.063797631,0.01925699,0.013233344,0.025458077
2008,57,0.006674073,0.013243946,0.012614585,0.011930497
2008,58,0.006834242,0.013739952,0.011844786,0.014419053
2008,59,0.003724775,0.00750078,0.008989592,0.006040326
2008,60,0.00714188,0.002563891,0.013818242,0.007877016
2008,61,0.007896524,0.008255973,0.01353485,0.006971922
2008,62,0.005473159,0.011272524,0.001618667,0.02461309
2008,63,0.001245907,0.005422724,0.03447525,0.027901624
2008,64,0.006591462,0.00216254,0.004989098,0.001911291
2008,65,0.007856864,0.000609797,0.023502609,0.004471848
2008,66,0.004717666,0.007872821,0.003534427,0.006886823
2008,67,0.01328033,0.015724269,0.068588522,0.051081816
2008,68,0.000457348,0.007505541,0.00730405,0.011333871
2008,69,0.004656948,0.007178342,0.007090802,0.008797846
2008,70,0.03072738,0.038846501,0.005414718,0.01382394
2008,71,0.07742368,0.080238245,0.064613497,0.038125676
2008,72,0.025432767,0.018353974,0.006861299,0.00871385
2008,73,0.063289913,0.033598941,0.023750975,0.031742842
2008,74,0.007101444,0.005239456,0.007447512,0.007746909
2008,75,0.02573712,0.006201832,0.007447388,0.009004333
2008,76,0.003405646,0.005878079,0.007305427,0.009524304
2008,77,0.004320523,0.011402946,0.009331566,0.013722891
2008,78,0.004152285,0.015898436,0.014093119,0.01231692
2008,79,0.007891957,0.019691019,0.03915161,0.015438596
2008,80,0.01481016,0.011052544,0.014252481,0.018355468
2008,81,0.006350796,0.015550306,0.00903071,0.013708822
2008,82,0.010965198,0.005686129,0.011604345,0.009131727
2008,83,0.004079374,0.026234094,0.021662743,0.003582028
2008,84,0.015180978,0.004966581,0.002260906,0.003409891
2008,85,0.002903349,0.003528867,0.014730282,0.006139723
2008,86,0.003208826,0.015672638,0.006148109,0.011725082
2008,87,0.090129261,0.090356709,0.172826268,0.116043558
2009,1,0.020663593,0.023273121,0.023630723,0.018817594
2009,2,0.068790603,0.06262697,0.034837042,0.046928916
2009,3,0.022884196,0.010554504,0.010523123,0.014770029
2009,4,0.01626732,0.012226818,0.008026138,0.018010763
2009,5,0.016349499,0.013199214,0.010371705,0.010146505
2009,6,0.033157732,0.039576682,0.051154278,0.034354827
2009,7,0.020267621,0.022739822,0.032302595,0.023354751
2009,8,0.045693527,0.022495473,0.023027426,0.020070995
2009,9,0.042512152,0.025958838,0.020361245,0.018621993
2009,10,0.049329795,0.021944664,0.014650856,0.020194993
2009,11,0.152594902,0.145191883,0.1809751,0.12404118
2009,12,0.006735732,0.030588686,0.025822171,0.022268563
2009,13,0.010596905,0.010974985,0.010318823,0.015145659
2009,14,0.035120699,0.011485954,0.014195702,0.015911563
2009,15,0.021848803,0.026499303,0.035645941,0.027558842
2009,16,0.020244903,0.005396065,0.003284122,0.002718243
2009,17,0.023629839,0.027101175,0.02083565,0.013247816
2009,18,0.141607378,0.13705989,0.16308813,0.124619555
2009,19,0.02072924,0.026365126,0.016281398,0.019621405
2009,20,0.009321097,0.0177596,0.019008537,0.020779007
2009,21,0.010548325,0.033288837,0.026042287,0.017901838
2009,22,0.16488837,0.149984831,0.126099788,0.107013818
2009,23,0.003617587,0.024376843,0.009029139,0.022371385
2009,24,0.024518346,0.029195588,0.019392486,0.020832753
2009,25,0.01174015,0.017991004,0.033265322,0.01374125
2009,26,0.023734984,0.024517855,0.017910861,0.008452524
2009,27,0.05388927,0.058640576,0.06023975,0.040810416
2009,28,0.026888513,0.011749223,0.012163152,0.017618527
2009,29,0.011447445,0.034878737,0.023361534,0.024794134
2009,30,0.019801336,0.025732936,0.009839839,0.030635285
2009,31,0.014992504,0.028306967,0.012456691,0.022871135
2009,32,0.020282366,0.01028285,0.010997598,0.029847901
2009,33,0.044424297,0.016189502,0.007441491,0.014045103
2009,34,0.010263323,0.021961798,0.014717614,0.015487882
2009,35,0.129678511,0.121849891,0.135409473,0.087068521
2009,36,0.160364953,0.160760298,0.186099717,0.124617251
2009,37,0.021143862,0.038130836,0.020706906,0.04253656
2009,38,0.008233904,0.022008749,0.005555003,0.014216832
2009,39,0.012639173,0.022068839,0.00213471,0.023786773
2009,40,0.017082443,0.019292279,0.005385656,0.016763802
2009,41,0.008546999,0.004366908,0.003576915,0.00875576
2009,42,0.030427924,0.053528595,0.055843117,0.02133569
2009,43,0.013160511,0.000904206,0.001722297,0.003470428
2009,44,0.012777766,0.015013952,0.011738181,0.016793384
2009,45,0.012022908,0.021799332,0.01063358,0.020981364
2009,46,0.003116085,0.00178972,0.001574953,0.009163366
2009,47,0.052266128,0.029732486,0.024103711,0.031399545
2009,48,0.000594192,0.021963505,0.018073076,0.023836137
2009,49,0.013760262,0.013609814,0.007576993,0.030518976
2009,50,0.001372119,0.027333562,0.018534131,0.014924783
2009,51,0.027790853,0.028993289,0.019484281,0.017152949
2009,52,0.020134423,0.007799438,0.001654157,0.00488243
2009,53,0.009993958,0.002786718,0.0032479,0.00308109
2009,54,0.02464631,0.005888533,0.014983965,0.003722953
2009,55,0.027099965,0.003875257,0.008779019,0.014950044
2009,56,0.035024723,0.037702717,0.0365768,0.034552216
2009,57,0.002266661,0.019159749,0.016624054,0.033816273
2009,58,0.003741384,0.019888342,0.017432366,0.035624312
2009,59,0.003122245,0.006650746,0.012131343,0.016620896
2009,60,0.016361016,0.006297394,0.004780796,0.014412695
2009,61,0.016609487,0.014179296,0.004949054,0.018417673
2009,62,0.005241791,0.002023689,0.006130587,0.005747957
2009,63,0.004288656,0.004793576,0.003749956,0.004563625
2009,64,0.009101807,0.003428132,0.000341064,0.003716724
2009,65,0.203564,0.208639676,0.192807895,0.186599353
2009,66,0.073971062,0.081916924,0.098869808,0.068119771
2009,67,0.04958932,0.047758661,0.035799707,0.036870226
2010,1,0.009601516,0.012383072,0.005418882,0.02890757
2010,2,0.017414626,0.012891326,0.011468767,0.010664286
2010,3,0.010704544,0.011170881,0.003327292,0.006347745
2010,4,0.010441058,0.011648093,0.005927485,0.006979861
2010,5,0.011761858,0.019317368,0.009024437,0.016146131
2010,6,0.005162669,0.011579435,0.009984046,0.012621584
2010,7,0.005806671,0.013110711,0.005916223,0.010950102
2010,8,0.011243194,0.014173398,0.008023524,0.011026742
2010,9,0.005671222,0.006898393,0.002403311,0.008598514
2010,10,0.011831765,0.006084031,0.005475628,0.004366187
2010,11,0.008687398,0.013529241,0.013217507,0.0155659
2010,12,0.008239114,0.006391031,0.004133448,0.010611729
2011,1,0.042054535,0.046791334,0.044144905,0.02539336
2011,2,0.07410442,0.067431866,0.12503617,0.063445112
2011,3,0.0192097,0.005650874,0.011424594,0.004535031
2011,4,0.018711381,0.032767662,0.02657514,0.013597196
2011,5,0.025752455,0.026811253,0.011676744,0.044036714
2011,6,0.018320935,0.018650872,0.011727542,0.039434024
2011,7,0.03574978,0.023828001,0.012843074,0.041382024
2011,8,0.011023229,0.007589035,0.005428032,0.007623067
2011,9,0.00895285,0.013779147,0.005898085,0.017277322
2011,10,0.053681853,0.012170124,0.008109119,0.007516083
2011,11,0.004790959,0.015624487,0.009898063,0.014901841
2011,12,0.031291997,0.046270585,0.025440116,0.034008743
2011,13,0.017913393,0.019783264,0.015795538,0.026256846
2011,14,0.01384666,0.010217158,0.015602812,0.001939528
2011,15,0.01981659,0.008870275,0.009520589,0.008271987
2011,16,0.005751331,0.025835579,0.019180077,0.03177747
2011,17,0.009365752,0.009019026,0.004595997,0.004052384
2011,18,0.009965578,0.006868315,0.012469659,0.004187672
2011,19,0.009898063,0.009911748,0.009284534,0.001961148
2011,20,0.016960783,0.003062006,0.001577397,0.001148252
2011,21,0.008918367,0.006834669,0.011828714,0.00087971
2011,22,0.00763468,0.018276994,0.011906663,0.008606157
2011,23,0.020024758,0.02420478,0.021122314,0.017538484
2011,24,0.05979738,0.050803918,0.040551389,0.012385605
2011,25,0.005801392,0.013250349,0.020338606,0.007853888
2011,26,0.008551312,0.016176516,0.016176516,0.008165732
2011,27,0.002284906,0.009930388,0.007715911,0.006563986
2011,28,0.006333911,0.021735703,0.013378616,0.006113166
2011,29,0.013006832,0.014407096,0.051353554,0.042794629
2011,30,0.044496433,0.033089037,0.100541701,0.074966039
2011,31,0.011323923,0.030539487,0.02030723,0.020857727
2011,32,0.050629397,0.04637307,0.020517321,0.04079715
2011,33,0.046971132,0.048293251,0.019743988,0.058663046
2011,34,0.015003942,0.023130237,0.020407415,0.018197987
2011,35,0.040241967,0.025685717,0.013787726,0.022851115
2011,36,0.030221209,0.034693526,0.008006198,0.014013238
2011,37,0.076161724,0.07863656,0.029552208,0.045655432
2011,38,0.03463266,0.027778531,0.019254237,0.017780791
2011,39,0.03386346,0.02833776,0.040519878,0.016537904
2011,40,0.015016971,0.026184631,0.009451203,0.011214073
2011,41,0.018805479,0.018480374,0.04629393,0.016734342
2011,42,0.062253943,0.015665094,0.013791049,0.00335406
2011,43,0.019552542,0.015787721,0.012282422,0.005123842
2012,1,0.016201446,0.02173993,0.011610576,0.021215522
2012,2,0.00605874,0.013680502,0.013224485,0.013617912
2012,3,0.009294092,0.028132471,0.018291666,0.024574214
2012,4,0.00965561,0.010729506,0.010145176,0.010578386
2012,5,0.01467585,0.010193568,0.008561503,0.003528543
2012,6,0.012605864,0.024316797,0.010122574,0.034481784
2012,7,0.005862798,0.022036745,0.009738988,0.022941888
2012,8,0.033956531,0.01349596,0.010000191,0.009131024
2012,9,0.015984643,0.043714511,0.028101539,0.022251202
2012,10,0.011972675,0.018088839,0.011624006,0.004524477
2012,11,0.020089327,0.004526994,0.006427214,0.002552256
2012,12,0.008644052,0.009319048,0.004727447,0.016410219
2012,13,0.0077865,0.013275143,0.004854258,0.014847649
2012,14,0.02351095,0.008997318,0.005995328,0.015416559
2012,15,0.01629257,0.018255938,0.01123715,0.022048919
2012,16,0.009723204,0.016976134,0.008347603,0.01018033
2012,17,0.035572944,0.006459215,0.003011391,0.003011391
2012,18,0.010962109,0.018605958,0.013739227,0.009452515
2012,19,0.004005365,0.009504167,0.004473369,0.009796817
2012,20,0.010346635,0.016595002,0.005257935,0.014941205
2012,21,0.006410589,0.02549493,0.016755191,0.024303879
2012,22,0.013080468,0.021792338,0.018474536,0.021592908
2012,23,0.013043129,0.011834092,0.01031394,0.01562485
2012,24,0.002444027,0.003194045,0.015297741,0.013932238
2012,25,0.015261779,0.022746305,0.018536541,0.013500668
2012,26,0.004083168,0.004258796,0.00315324,0.00600846
2012,27,0.011884531,0.010094267,0.010802282,0.003560303
2012,28,0.01867053,0.031801025,0.014909679,0.008344567
2012,29,0.017477383,0.01986044,0.014868492,0.015856146
2012,30,0.024650924,0.005157208,0.005406348,0.001121132
2012,31,0.017574633,0.044366773,0.030210686,0.034085599
2012,32,0.002903288,0.018874683,0.014303138,0.013816985
2012,33,0.007909536,0.018960285,0.016147252,0.021651494
2012,34,0.023146401,0.013521701,0.007039748,0.020811494
2012,35,0.013376275,0.020576189,0.014488312,0.017622802
2012,36,0.003786935,0.014912712,0.016914646,0.03045315
2012,37,0.04215671,0.025568343,0.016236748,0.020046488
2012,38,0.016153931,0.027064683,0.015216342,0.015326049
2012,39,0.05578178,0.053297432,0.028704151,0.049166007
2012,40,0.015519211,0.0042217,0.006463221,0.004854954
2012,41,0.013419744,0.025934764,0.018336443,0.0126848
2012,42,0.023266625,0.030950178,0.025597991,0.042896789
2012,43,0.024892487,0.018039483,0.015767028,0.006066552
2012,44,0.046658376,0.013542299,0.013007193,0.008150077
2012,45,0.003889995,0.007389474,0.005573723,0.004254819
2012,46,0.018650423,0.037875709,0.042404537,0.018899146
2012,47,0.027249901,0.020549157,0.014781593,0.022070662
2013,1,0.006150425,0.008047571,0.003590298,0.012178454
2013,2,0.02187915,0.005243533,0.005690204,0.008146897
2013,3,0.008577076,0.009055452,0.008811686,0.007809538
2013,4,0.015099076,0.012546561,0.021549923,0.032170437
2013,5,0.013692257,0.01443029,0.010741488,0.036677784
2013,6,0.018044199,0.025321792,0.019683016,0.02039313
2013,7,0.016771433,0.03475,0.02402,0.016759
2013,8,0.008195633,0.006004034,0.003295183,0.023476711
2013,9,0.008892459,0.005160036,0.00328111,0.009058106
2013,10,0.004088014,0.024353796,0.019843498,0.004911515
2013,11,0.008333183,0.018946106,0.015275014,0.04012758
2013,12,0.010193513,0.024923441,0.022204356,0.03293616
2013,13,0.011620684,0.025026999,0.016823374,0.0211968
2013,14,0.022502404,0.039206662,0.024817861,0.034059257
2013,15,0.03259,0.036163734,0.015908091,0.041831002
2013,16,0.004420939,0.02732858,0.013211355,0.008311584
2013,17,0.00358959,0.031371996,0.014314159,0.007340514
2013,18,0.020740124,0.023123279,0.032920093,0.010764968
2013,19,0.017555816,0.015942502,0.01632076,0.0113198
2013,20,0.021450298,0.021011745,0.01079089,0.049699075
2013,21,0.036002397,0.025207882,0.020490339,0.05706321
2013,22,0.028384848,0.019209823,0.00622924,0.03331563
2013,23,0.020709449,0.010031261,0.007323169,0.013366306
2013,24,0.023423169,0.025532338,0.015612764,0.043531766
2013,25,0.035983873,0.019354679,0.013542092,0.029186609
2013,26,0.029674108,0.025934011,0.019167944,0.033783888
2013,27,0.01773736,0.019993742,0.009840417,0.036782874
2013,28,0.019584952,0.011869127,0.006103751,0.021317577
2013,29,0.016140212,0.004298976,0.0041536,0.012481568
2013,30,0.023493729,0.011328591,0.005688869,0.027805423
2013,31,0.055774694,0.057183534,0.036836944,0.04348211
2013,32,0.023456733,0.024694922,0.03479264,0.011180371
2013,33,0.017285469,0.016697391,0.005617273,0.017041859
2013,34,0.006455139,0.022039483,0.009552288,0.034831243
2013,35,0.002056032,0.009257661,0.008890807,0.026391886
2013,36,0.008392004,0.007450148,0.00371402,0.018481673
2013,37,0.048320793,0.0244279,0.004974783,0.02928832
2013,38,0.038011129,0.024883633,0.007217076,0.050554798
2013,39,0.010867782,0.008744827,0.004987507,0.013083863
2013,40,0.006452309,0.004618215,0.001453542,0.006485741
2013,41,0.004299863,0.01459656,0.00956361,0.034798682
2013,42,0.019018538,0.015476138,0.009966194,0.046208895
2013,43,0.017596032,0.012029208,0.012490392,0.036664105
2013,44,0.006150941,0.007540894,0.008520527,0.039390349
2013,45,0.001481141,0.016045756,0.00746187,0.028661607
2013,46,0.011231214,0.011536849,0.008585562,0.025639306
2013,47,0.012841902,0.006520997,0.00481393,0.018743598
2013,48,0.007801691,0.010944621,0.010979147,0.017159232
2013,49,0.005968925,0.002088715,0.001484087,0.009564118
2013,50,0.008887398,0.005269357,0.003471576,0.0221313
2013,51,0.005906453,0.004767802,0.001783282,0.008160991
2013,52,0.010150532,0.035707274,0.020454992,0.048677236
2013,53,0.000384763,0.016187736,0.017146912,0.019367469
2013,54,0.004215486,0.002747962,0.002383591,0.007090045
2013,55,0.002229102,0.009757747,0.008871739,0.026906666
2013,56,0.029756062,0.020606845,0.012258431,0.021874959
2013,57,0.012994862,0.008804378,0.007917826,0.033352695
2013,58,0.00086538,0.021836294,0.018174921,0.030808306
2013,59,0.008626921,0.022638224,0.021261955,0.032496805
2013,60,0.007887255,0.015117861,0.010522809,0.02272538
2013,61,0.020599344,0.010064749,0.013132474,0.016317686
2013,62,0.018691983,0.006611839,0.002981127,0.014627243
2013,63,0.012882805,0.0175899,0.018228243,0.028087098
2013,64,0.008681009,0.019668315,0.016608266,0.033804541
2013,65,0.005649062,0.005929176,0.031349404,0.00546893
2013,66,0.013996265,0.006589674,0.006182065,0.018817935
2013,67,0.014472232,0.022027363,0.011313014,0.031509165
2013,68,0.031675162,0.01610256,0.010823759,0.023732422
2013,69,0.006046196,0.021443666,0.015062363,0.025670244
2013,70,0.014283813,0.004871747,0.003028019,0.010618254
2013,71,0.047403555,0.050406876,0.043226706,0.067347916
2013,72,0.00352596,0.014831076,0.008234906,0.021025292
2013,73,0.04605715,0.007256843,0.007406559,0.01763131
2013,74,0.011955558,0.00844353,0.005338427,0.019923597
2013,75,0.004887801,0.016891836,0.00715728,0.026511483
2013,76,0.005926144,0.022221017,0.016833008,0.036188255
2013,77,0.014872696,0.013192612,0.009200241,0.017343097
2013,78,0.014826065,0.011753565,0.004894368,0.015143335
2013,79,0.010158805,0.012360422,0.006965831,0.028093772
2013,80,0.008421847,0.016225646,0.010004183,0.037595792
2013,81,0.008117273,0.010671112,0.00565,0.024885952
2013,82,0.004911307,0.00775265,0.006978697,0.012225837
2013,83,0.005811208,0.023951321,0.025024044,0.030128727
2013,84,0.022989569,0.031354536,0.023730281,0.043215432
2013,85,0.025428334,0.036069431,0.032320309,0.047587614
2013,86,0.030593851,0.017630082,0.013003989,0.024997878
2013,87,0.014115949,0.010954506,0.006253418,0.017322585
2013,88,0.007347104,0.005639966,0.007444407,0.006084538
2013,89,0.003818091,0.013121687,0.009538848,0.017240106
2013,90,0.01394439,0.016795131,0.014638265,0.033172265
2014,1,0.014495339,0.01795638,0.013460595,0.018937603
2014,2,0.002668007,0.022361053,0.01517217,0.010827457
2014,3,0.011985543,0.011600794,0.045708944,0.028503179
2014,4,0.017361274,0.033350858,0.046140307,0.014160971
2014,5,0.00850456,0.026640556,0.025322101,0.011361984
2014,6,0.040822917,0.038941542,0.055516974,0.032252134
2014,7,0.033903842,0.018468156,0.068057324,0.01916252
2014,8,0.008356595,0.007049545,0.045205748,0.03283032
2014,9,0.033759324,0.022866676,0.019843957,0.014505128
2014,10,0.016839442,0.002860011,0.00846639,0.004185844
2014,11,0.03810425,0.012292775,0.012320012,0.018275743
2014,12,0.028961986,0.004533679,0.00359601,0.004166344
2014,13,0.021163149,0.010927728,0.007227241,0.011831133
2014,14,0.036133012,0.011513798,0.014648337,0.013337158
2014,15,0.016192185,0.024157338,0.048747603,0.021262911
2014,16,0.037725974,0.013905336,0.032655112,0.012443033
2014,17,0.018469994,0.003097189,0.003655859,0.001960246
2014,18,0.000965964,0.008799886,0.0077439,0.006887694
2014,19,0.009532802,0.009194423,0.004046966,0.009114549
2014,20,0.005767894,0.02693512,0.024970582,0.025568918
2014,21,0.008481695,0.011784692,0.007008688,0.013551425
2014,22,0.022128765,0.039761713,0.019721526,0.035787312
2014,23,0.012855707,0.019512547,0.016948629,0.009123017
2014,24,0.002175873,0.022203622,0.015879659,0.028783334
2014,25,0.005860248,0.019633427,0.020031066,0.030096303
2014,26,0.007295189,0.014501963,0.009883576,0.009531807
2014,27,0.02281657,0.029614858,0.024842749,0.040686946
2014,28,0.006523322,0.014752945,0.010433077,0.011067186
2014,29,0.025519372,0.006260643,0.010400416,0.007402649
2014,30,0.018181395,0.008656476,0.008094843,0.006007033
2014,31,0.016539298,0.004672355,0.003221313,0.003729178
2014,32,0.007897783,0.001513018,0.0020804,0.002216992
2014,33,0.022967637,0.004786194,0.005831068,0.005887244
2014,34,0.008907252,0.022808315,0.015966756,0.021891115
2014,35,0.004853527,0.023622516,0.02309691,0.023910111
2014,36,0.006568666,0.017615956,0.032769753,0.019732705
2014,37,0.002336177,0.018706292,0.010766565,0.01435542
2014,38,0.000998172,0.010864698,0.004796022,0.015495746
2014,39,0.004168258,0.011525026,0.010314761,0.013358761
2014,40,0.01644254,0.013057142,0.01358828,0.010467844
2014,41,0.01415299,0.033332561,0.02686989,0.021125292
2014,42,0.009316274,0.028481136,0.020838195,0.026818359
2014,43,0.006186515,0.008059829,0.00862815,0.004882396
2014,44,0.007738363,0.015415949,0.015541282,0.012073738
2014,45,0.01124242,0.009900011,0.018096912,0.009625316
2014,46,0.027425818,0.005318609,0.005405562,0.003652015
2014,47,0.020264489,0.015295139,0.013593174,0.012635115
2014,48,0.003784503,0.014232824,0.015053096,0.017425233
2014,49,0.011467962,0.004432761,0.002285106,0.002233562
2014,50,0.001318783,0.00931139,0.010057264,0.002430104
2014,51,0.012950711,0.011874362,0.016866701,0.006026558
2014,52,0.01308001,0.015320186,0.016503212,0.0091093
2014,53,0.001683762,0.000908368,0.001930283,0.001816737
2014,54,0.005870747,0.029352629,0.024946123,0.017216677
2014,55,0.009333504,0.032436276,0.043075156,0.033995187
2014,56,0.053995197,0.052259792,0.045451487,0.051277566
2014,57,0.000227092,0.004122832,0.001516444,0.001990333
2014,58,0.02010619,0.006893656,0.006765347,0.009156548
2014,59,0.028197134,0.01766018,0.011599108,0.037674025
2014,60,0.003554165,0.020264529,0.015846267,0.020576073
2014,61,0.005330627,0.00865202,0.008213835,0.008798082
2014,62,0.013906623,0.035153753,0.019586677,0.015524466
2014,63,0.015633851,0.011468094,0.006062977,0.010961364
2014,64,0.007792833,0.035375009,0.041218203,0.027235841
2015,1,0.005264683,0.008101817,0.010859032,0.006962967
2015,2,0.018178722,0.012755882,0.016335686,0.009153422
2015,3,0.010070689,0.024809345,0.048138495,0.017783784
2015,4,0.026413413,0.02460427,0.027575994,0.021162274
2015,5,0.025643489,0.016209652,0.015095552,0.015045367
2015,6,0.014654189,0.018088447,0.013191018,0.014133887
2015,7,0.047069682,0.014249397,0.008611551,0.014465155
2015,8,0.002723057,0.020015886,0.01644162,0.017451492
2015,9,0.003684511,0.016529913,0.012745957,0.016430335
2015,10,0.011883588,0.012931582,0.005557674,0.009934797
2015,11,0.019671568,0.014800214,0.008299186,0.015820323
2015,12,0.021232315,0.024166584,0.016448695,0.020733424
2015,13,0.014593705,0.009458561,0.005227772,0.00715783
2015,14,0.016294248,0.015661248,0.009712682,0.015724434
2015,15,0.010562753,0.014987029,0.006964678,0.010237478
2015,16,0.016339498,0.039353552,0.025385665,0.023748557
2015,17,0.014299371,0.01264999,0.005428227,0.011888134
2015,18,0.008218457,0.021543936,0.008311789,0.012092403
2015,19,0.009976313,0.010241505,0.007041608,0.006638182
2015,20,0.007694667,0.010439698,0.004004839,0.004474156
2015,21,0.012113772,0.003191767,0.00341975,0.010487233
2015,22,0.007583317,0.006422153,0.007209902,0.00623523
2015,23,0.031126036,0.014767874,0.010042895,0.009440692
2015,24,0.010713605,0.007163339,0.007543602,0.004172619
2015,25,0.017763322,0.010143521,0.010345132,0.005556886
2015,26,0.00909541,0.019792233,0.020478744,0.021644517
2015,27,0.006674732,0.011325916,0.01068758,0.009502097
2015,28,0.001433038,0.013528534,0.008140409,0.021520743
2015,29,0.005540943,0.005606303,0.005606303,0.006031163
2015,30,0.005683395,0.002105338,0.001385792,0.00346448
2015,31,0.009261476,0.014052883,0.008625921,0.013948851
2015,32,0.017460688,0.01915435,0.012755384,0.020626452
2015,33,0.009629765,0.005737952,0.002579921,0.008007248
2015,34,0.009855293,0.034413081,0.033894968,0.02566733
2015,35,0.00549547,0.007816784,0.007250981,0.008835229
2015,36,0.001980972,0.00843234,0.008363714,0.010551147
2015,37,0.01218899,0.025071777,0.017760566,0.016836928
2015,38,0.074810209,0.077117917,0.053431998,0.035523644
2015,39,0.004728418,0.023324219,0.016689726,0.019652915
2015,40,0.072945047,0.089303802,0.145542125,0.060064825
2015,41,0.007874759,0.035241783,0.041169858,0.027488206
2015,42,0.022823886,0.017040296,0.026817515,0.016213888
2015,43,0.054939189,0.051948052,0.045770039,0.044423307
2015,44,0.019097317,0.004349702,0.003657704,0.007602991
2015,45,0.049433678,0.004882431,0.004982258,0.005336189
2016,1,0.011383245,0.015740149,0.009047487,0.016607717
2016,2,0.006637793,0.00125083,0.00081785,0.001270073
2016,3,0.009385427,0.004002241,0.002681502,0.006523653
2016,4,0.022552255,0.005708567,0.0050784,0.002483597
2016,5,0.011764003,0.00446369,0.001898351,0.007880722
2016,6,0.003799425,0.001201992,0.000766985,0.002529907
2016,7,0.002829833,0.003807107,0.002538071,0.002270906
2016,8,0.009481065,0.002212035,0.001135123,0.006243178
2016,9,0.002930306,0.006097561,0.002470467,0.006007726
2016,10,0.031019907,0.038790528,0.029639297,0.051055065
2016,11,0.002961659,0.010891041,0.007513748,0.010024819
2016,12,0.004930126,0.009114991,0.010909091,0.016303432
2016,13,0.003150237,0.007943305,0.005758677,0.009734699
2016,14,0.000961593,0.019569779,0.014481244,0.019138381
2016,15,0.03205985,0.038662764,0.026174831,0.039924014
2016,16,0.019647,0.019517963,0.028511343,0.021262368
2016,17,0.001411628,0.001742241,0.025972661,0.024291459
2016,18,0.004559134,0.009932879,0.009327373,0.0135788
2016,19,0.035975974,0.011561597,0.007744931,0.012833819
2016,20,0.007838651,0.024752475,0.027786112,0.025135847
2016,21,0.006789821,0.014582587,0.012158127,0.018320793
2016,22,0.017040218,0.005807486,0.004550642,0.008061138
2016,23,0.034894584,0.003951285,0.00170838,0.008657192
2016,24,0.015670579,0.011357526,0.008592215,0.004235754
2016,25,0.026622217,0.004179866,0.002754312,0.005033439
2017,1,0.004017263,0.006159092,0.006819756,0.007096809
2017,2,0.012674731,0.020321138,0.015941979,0.019171753
2017,3,0.003048744,0.00550453,0.002726349,0.007132047
2017,4,0.016639422,0.007714065,0.004137544,0.008672479
2017,5,0.012788636,0.01179445,0.0080757,0.007719781
2017,6,0.005826898,0.010108951,0.008203696,0.012300919
2017,7,0.005728559,0.006548524,0.00564849,0.016479935
2017,8,0.007484483,0.002229246,0.001863251,0.002828148
2017,9,0.008891262,0.006218005,0.005568735,0.006917218
2017,10,0.017872947,0.0023465,0.001798983,0.001994525
2017,11,0.003016607,0.004591663,0.004194853,0.022164695
2017,12,0.003366138,0.016109833,0.011189588,0.009296314
2017,13,0.009008456,0.002525141,0.002192885,0.006778009
2017,14,0.008342428,0.008826411,0.005857343,0.004776765
2017,15,0.00564849,0.004529591,0.004678102,0.002376179
2017,16,0.001264349,0.002080426,0.001775974,0.005860713
2017,17,0.004944438,0.006350219,0.006403358,0.004742736
2017,18,0.000977708,0.013097577,0.00964582,0.011692316
2017,19,0.004005895,0.008185142,0.00710487,0.013711152
2017,20,0.001284721,0.001035282,0.000703992,0.003809839
2017,21,0.006200705,0.002894834,0.001242532,0.000885634
2017,22,0.004306824,0.005976984,0.012387781,0.00521781
2017,23,0.0135492,0.011023311,0.007704465,0.030146187
2017,24,0.001750603,0.014455972,0.011549126,0.016546666
2017,25,0.005978239,0.014540827,0.016042892,0.02025702
2017,26,0.010819144,0.002341372,0.002809646,0.008819168
2017,27,0.004944324,0.005357491,0.004237288,0.014124294
2017,28,0.000372702,0.016227778,0.012600939,0.016367272
2017,29,0.001136784,0.016877205,0.014037502,0.0188972
2017,30,0.009581193,0.021060497,0.017835547,0.035798913
2017,31,0.011850991,0.006561135,0.008050251,0.00574889
2017,32,0.011787041,0.018132341,0.017083518,0.018387459
2017,33,0.00641,0.006180795,0.003436697,0.014667333
2017,34,0.00163896,0.015275061,0.013273123,0.016244035
2017,35,0.003409312,0.008403998,0.010526316,0.008138709
2017,36,0.013561896,0.008429941,0.002307713,0.005687834
2017,37,0.014652283,0.009786621,0.006145795,0.011845361
2017,38,0.016616359,0.010539512,0.007289442,0.013151175
2018,1,0.009428366,0.011504584,0.006758943,0.009194679
2018,2,0.011597474,0.021636479,0.020591068,0.017384359
2018,3,0.008350922,0.002993712,0.00280974,0.002224378
2018,4,0.014250589,0.007037062,0.007003552,0.005987088
2018,5,0.014938588,0.025049556,0.025577083,0.022156148
2018,6,0.006058375,0.015128493,0.013331572,0.022659708
2018,7,0.001536738,0.01843726,0.014808184,0.011967192
2018,8,0.008936126,0.009230531,0.008506567,0.004537698
2018,9,0.00380305,0.031474084,0.025795274,0.035901631
2018,10,0.015951324,0.014957265,0.013802622,0.010975739
2018,11,0.002257827,0.020673963,0.019864314,0.020701882
2018,12,0.00558497,0.017782722,0.014815992,0.012767535
2018,13,0.02114905,0.018067294,0.021514918,0.014008699
2018,14,0.012168858,0.011369082,0.013051502,0.007871687
2018,15,0.0124568,0.012832641,0.015711759,0.014148809
2018,16,0.014953,0.014044512,0.018352987,0.016058864
2018,17,0.0145346,0.014029425,0.011422186,0.012570613
2018,18,0.030165,0.03115409,0.043611701,0.019088924
2018,19,0.0094562,0.0094365,0.009302013,0.004180302
2018,20,0.01236498,0.012803409,0.016944599,0.006874189
2018,21,0.0190336,0.019046534,0.019411061,0.017121376
2018,22,0.006565,0.006529971,0.00939154,0.006304058
2018,23,0.0199953,0.019066674,0.015369939,0.015316939
2018,24,0.006761299,0.018939713,0.013857299,0.016300227
2018,25,0.028538428,0.022559164,0.018205102,0.013051941
2018,26,0.011347348,0.006788561,0.00806376,0.007191749
2018,27,0.017812273,0.019345008,0.033068742,0.009492335
2018,28,0.01624638,0.011425001,0.007709644,0.006225733
2018,29,0.015885254,0.001925552,0.002619861,0.002342137
2018,30,0.010968069,0.011845293,0.031305416,0.015577371
2018,31,0.012044148,0.004746592,0.003167604,0.002782485
2019,1,0.005322663,0.006383474,0.005536686,0.008868004
2019,2,0.006428746,0.006497265,0.003130501,0.011612385
2019,3,0.010256156,0.011980705,0.014569797,0.01570191
2019,4,0.011125892,0.008980203,0.007537928,0.012272944
2019,5,0.037295382,0.037818534,0.026913458,0.037841065
2019,6,3.66E-05,0.01667512,0.014804717,0.013758559
2019,7,0.004819232,0.013475086,0.012344083,0.007981645
2019,8,0.009885064,0.001102578,0.001216638,0.005436849
2019,9,0.004746174,0.002508631,0.001258568,0.001028964
2019,10,0.004926108,0.002003863,0.002744029,0.003357825
2019,11,0.01033668,0.009405877,0.012943867,0.008003624
2019,12,0.007061705,0.008759699,0.005790129,0.010515896
2019,13,0.029662258,0.030478143,0.026201054,0.022141444
2019,14,0.013663454,0.004882071,0.004231128,0.006834899
2019,15,0.009678149,0.011433705,0.005390175,0.002776757
2019,16,0.00015208,0.006877659,0.00577024,0.00477939
2019,17,0.001216048,0.011429289,0.011596751,0.0134807
2019,18,0.001462279,0.006489164,0.003813965,0.007121812
2019,19,0.007550589,0.003438127,0.003568359,0.008986013
2019,20,0.020743364,0.027994143,0.017354807,0.033440703
2019,21,0.004252826,0.016241391,0.011484913,0.006976168
2019,22,0.0400453,0.039376832,0.035103861,0.041871998
2019,23,0.020326,0.012812551,0.011423435,0.017388462
2019,24,0.009106129,0.025494505,0.025787546,0.03014652
2019,25,0.002914262,0.002009545,0.001758352,0.001632756
2019,26,0.00674035,0.002781869,0.002640048,0.003250968
2019,27,0.004410462,0.001974184,0.001295874,0.002784105
2019,28,0.002187899,0.002769316,0.002874359,0.003943888
2019,29,0.020322108,0.004512116,0.003297316,0.00566298
2019,30,0.036023954,0.031092284,0.022680747,0.044368324
2019,31,0.009560386,0.003205296,0.002882146,0.004585233
2019,32,0.016703297,0.014605059,0.01252128,0.016940008
2019,33,0.001946747,0.006056168,0.007698854,0.010172779
2019,34,0.001887307,0.00879055,0.004907225,0.016007792
2019,35,0.001457859,0.000915919,0.00010991,0.005348965
2019,36,0.00255923,0.006923013,0.006181592,0.009323361
2019,37,0.004228967,0.013719384,0.00799596,0.021098112
2019,38,0.025102864,0.006457583,0.005174026,0.00989035
2020,1,0.009066043,0.010775577,0.009793974,0.008702078
2020,2,0.011932642,0.018449323,0.029659038,0.014595983
2020,3,0.018659,0.018539044,0.014026337,0.006623915
2020,4,0.008513325,0.009743805,0.00949181,0.002687946
2020,5,0.059151265,0.012329755,0.010485146,0.005492219
2020,6,0.020743954,0.021940163,0.036687821,0.018615896
2020,7,0.008835685,0.011819384,0.006320365,0.007322008
2020,8,0.006789383,0.007498672,0.00385961,0.005112731
2020,9,0.023054953,0.005290655,0.003694011,0.003467269
2020,10,0.016308579,0.004396867,0.004374772,0.00140302
2020,11,0.015187502,0.006182747,0.005459354,0.006013202
2020,12,0.008735825,0.013320447,0.011883077,0.009863326
2020,13,0.010720923,0.005090605,0.004748699,0.005736428
2020,14,0.020066485,0.00308642,0.003417108,0.000551146
2020,15,0.0104271,0.009761971,0.007009697,0.007009697
2020,16,0.006405951,0.0112149,0.00897192,0.002214588
2020,17,0.004600981,0.013459764,0.018869125,0.003627454
2020,18,0.00344679,0.015289421,0.014790419,0.007145709
2020,19,0.004995931,0.001801444,0.001520485,0.001173418
2020,20,0.004824678,0.000665268,0.003573683,0.000221756
2020,21,0.002094356,0.009751262,0.01202235,0.007732516
2020,22,0.008106307,0.02185711,0.019838512,0.013021609
2020,23,0.007978195,0.009835086,0.010677317,0.006846524
2020,24,0.0083686,0.000650924,0.000831736,0.000696127
2020,25,0.011417166,0.002431277,0.003167181,0.005319
2020,26,0.000975094,0.011916317,0.007940313,0.007028171
2020,27,0.060281459,0.065132853,0.089709688,0.033499724
2020,28,0.00686734,0.024015531,0.022901038,0.023847758
2020,29,0.015999868,0.010441309,0.008636169,0.006717021
2020,30,0.00854457,0.008263927,0.009155135,0.005266228
2020,31,0.000253137,0.025480885,0.024052854,0.021093562
2021,1,0.013625719,0.014527421,0.014602562,0.013500482
2021,2,0.013176587,0.00711436,0.005234878,0.00731038
2021,3,0.003664993,0.008918048,0.006128703,0.009153768
2021,4,0.003389507,0.008712404,0.006512738,0.006138938
2021,5,0.004999815,0.007607585,0.003365092,0.005408921
2021,6,0.001438964,0.011893006,0.007728307,0.011592461
2021,7,0.009426316,0.01454631,0.006181342,0.009809521
2021,8,0.014419428,0.003328554,0.001280213,0.005786563
2021,9,0.022179341,0.004213002,0.002008524,0.003804765
2021,10,0.005961303,0.005378431,0.004042388,0.005184305
2021,11,0.006901338,0.002610696,0.002779734,0.000986054
2021,12,0.007274714,0.01755575,0.012225162,0.013111421
2021,13,0.005470855,0.02309705,0.014605138,0.017982873
2021,14,0.011291915,0.00540859,0.000637441,0.00755271
2021,15,0.011220479,0.002406424,0.001242447,0.003400382
2021,16,0.001894715,0.002860558,0.002561694,0.006404235
2021,17,0.001877888,0.00372269,0.002400423,0.002563164
2021,18,0.003893939,0.003906609,0.001976285,0.00845666
2021,19,0.001943936,0.009435192,0.003414393,0.011350901
2021,20,0.021217888,0.009290655,0.004933541,0.00800217
2021,21,0.002887801,0.011950533,0.003527686,0.012743272
2021,22,0.001556329,0.007853555,0.004479435,0.004363086
2021,23,0.014696,0.014168793,0.004525968,0.014646534
2021,24,0.002689779,0.002612254,0.001534471,0.00476782
2021,25,0.003254811,0.004131529,0.001555861,0.003503955
2021,26,0.002022245,0.003212866,0.001681588,0.00417109
2021,27,0.007037298,0.001236766,0.000263142,0.004017297
2021,28,0.027343,0.022890778,0.015296853,0.054574522
2021,29,0.010305601,0.007491778,0.006928278,0.005865942
2021,30,0.013716197,0.002652726,0.000680186,0.002526406
2021,31,0.002027694,0.021580134,0.011672407,0.019156355
2021,32,0.003830816,0.004808864,0.002965819,0.005984599
2021,33,0.00259284,0.00223136,0.001248194,0.002564782
2021,34,0.000745568,0.006210491,0.002800266,0.007347233
2021,35,0.021146719,0.001778719,0.000579583,0.004396834
2021,36,0.00688209,0.009970355,0.004085847,0.011336005
2021,37,0.0170555,0.017061585,0.01655564,0.055316637
2021,38,0.002128011,0.024323423,0.005431675,0.032828283
2022,1,0.011469596,0.012861022,0.009643351,0.012996299
2022,2,0.006269429,0.026246172,0.011613739,0.021119881
2022,3,0.00628692,0.02985642,0.015368074,0.023329061
2022,4,0.032282883,0.02605017,0.019889174,0.022165286
2022,5,0.019760114,0.031778237,0.028224645,0.027252209
2022,6,0.026760115,0.004247853,0.002193185,0.005563764
2022,7,0.013970427,0.005650493,0.004415617,0.010839466
2022,8,0.033500596,0.038771079,0.012586797,0.046435456
2022,9,0.042238743,0.014239928,0.010733722,0.015057325
2022,10,0.016059452,0.010880369,0.001921624,0.01068158
2022,11,0.020005648,0.012916499,0.007517867,0.018377007
2022,12,0.023678723,0.012826206,0.002507771,0.014942138
2022,13,0.028596811,0.018105957,0.013988955,0.016556548
2022,14,0.000461723,0.000890234,8.90E-05,0.001780468
2022,15,0.00210802,0.027794083,0.017727166,0.025857009
2022,16,0.036571899,0.021541302,0.017584736,0.019650943
2022,17,0.010088408,0.004249507,0.003794202,0.003642434
2022,18,0.007792518,0.002200671,0.006676613,0.007609101
2022,19,0.010843672,0.005557286,0.004191918,0.004503318
2022,20,0.01484113,0.014774552,0.005052493,0.018561263
2022,21,0.032623164,0.037751195,0.019756684,0.031397201
2022,22,0.025475464,0.037743532,0.01491727,0.031290486
2022,23,0.020837913,0.007213254,0.0052391,0.007684014
2022,24,0.003945971,0.005192132,0.002619454,0.007601095
2022,25,0.00152928,0.002385965,0.002385965,0.003649123
2022,26,0.004790763,0.008322576,0.004450031,0.009375637
2022,27,0.010498548,0.005752315,0.005391183,0.006706735
2022,28,0.029923074,0.044236544,0.039385539,0.037653038
2022,29,0.027860377,0.010659604,0.006157411,0.012033435
2022,30,0.003671913,0.016605735,0.013302207,0.014227195
2022,31,0.001824561,0.006614312,0.000703427,0.004661515
2022,32,0.005605,0.017438824,0.006800656,0.018665371
2022,33,0.004204607,0.011412614,0.002146927,0.011800029
2022,34,0.043043043,0.035191112,0.01857266,0.029390041
2022,35,0.008921625,0.007584327,0.00155543,0.006028898
2022,36,0.013918865,0.020430982,0.018011791,0.020939215
2022,37,0.00605787,0.031892676,0.016406499,0.021025804
2022,38,0.015483636,0.018189417,0.013890824,0.015005274
2022,39,0.008087298,0.008819297,0.016016269,0.027423799
2022,40,0.046260284,0.047177899,0.019705442,0.036032808
2023,1,0.01628602,0.023526027,0.001214659,0
2023,2,0.01369745,0.011808885,0.000170693,0
2023,3,0.002107393,0.002518892,0,0
2023,4,0.0075231,0.00702424,0.000145786,0
2023,5,0.003569,0.003535141,0,0
2023,6,0.001955396,0.001796659,0,0
2023,7,0.001749,0.002710277,0.000605207,0
2023,8,0.004895196,0.000887988,0,0
2023,9,0.00643055,0.003737286,0.000364359,0
2023,10,0.006346694,0.001186126,0,0
2023,11,0.001897795,0.00985617,0,0
2023,12,0.006414589,0.002820831,0.00078413,0
2023,13,0.002423093,0.003671696,0.000751916,0
2023,14,0.001057608,0.003596617,0,0
2023,15,0.001762996,0.003065215,0.000105697,0
2023,16,0.000585027,0.005638322,0.000802104,0
2023,17,0.001051437,0.012564306,0.003957262,0
